timestamp, utilization.gpu [%], utilization.memory [%], memory.used [MiB], power.draw [W], power.limit [W], clocks.current.sm [MHz], clocks.current.memory [MHz]
2026/07/16 09:36:22.718, 3 %, 0 %, 0 MiB, 204.42 W, 1000.00 W, 1965 MHz, 3996 MHz
2026/07/16 09:36:22.922, 3 %, 0 %, 1 MiB, 204.19 W, 1000.00 W, 1965 MHz, 3996 MHz
2026/07/16 09:36:23.128, 0 %, 0 %, 626 MiB, 204.05 W, 1000.00 W, 1965 MHz, 3996 MHz
2026/07/16 09:36:23.329, 1 %, 0 %, 626 MiB, 203.72 W, 1000.00 W, 1965 MHz, 3996 MHz
2026/07/16 09:36:23.529, 0 %, 0 %, 626 MiB, 202.83 W, 1000.00 W, 1965 MHz, 3996 MHz
2026/07/16 09:36:23.729, 0 %, 0 %, 626 MiB, 202.70 W, 1000.00 W, 1965 MHz, 3996 MHz
2026/07/16 09:36:23.929, 0 %, 0 %, 626 MiB, 202.46 W, 1000.00 W, 1965 MHz, 3996 MHz
2026/07/16 09:36:24.130, 0 %, 0 %, 626 MiB, 202.20 W, 1000.00 W, 1965 MHz, 3996 MHz
2026/07/16 09:36:24.330, 0 %, 0 %, 1072 MiB, 202.16 W, 1000.00 W, 1965 MHz, 3996 MHz
2026/07/16 09:36:24.530, 0 %, 0 %, 3398 MiB, 202.51 W, 1000.00 W, 1965 MHz, 3996 MHz
2026/07/16 09:36:24.731, 26 %, 0 %, 3878 MiB, 203.05 W, 1000.00 W, 1965 MHz, 3996 MHz
2026/07/16 09:36:24.931, 2 %, 0 %, 5032 MiB, 203.16 W, 1000.00 W, 1965 MHz, 3996 MHz
2026/07/16 09:36:25.132, 1 %, 0 %, 6220 MiB, 238.23 W, 1000.00 W, 1965 MHz, 3996 MHz
2026/07/16 09:36:25.332, 28 %, 5 %, 6220 MiB, 287.77 W, 1000.00 W, 1965 MHz, 3996 MHz
2026/07/16 09:36:25.532, 71 %, 15 %, 830 MiB, 385.37 W, 1000.00 W, 1965 MHz, 3996 MHz
2026/07/16 09:36:25.733, 92 %, 18 %, 830 MiB, 417.66 W, 1000.00 W, 1965 MHz, 3996 MHz
2026/07/16 09:36:25.933, 0 %, 0 %, 830 MiB, 418.02 W, 1000.00 W, 1965 MHz, 3996 MHz
2026/07/16 09:36:26.133, 0 %, 0 %, 830 MiB, 382.52 W, 1000.00 W, 1965 MHz, 3996 MHz
2026/07/16 09:36:26.334, 0 %, 0 %, 830 MiB, 343.40 W, 1000.00 W, 1965 MHz, 3996 MHz
2026/07/16 09:36:26.534, 0 %, 0 %, 830 MiB, 235.96 W, 1000.00 W, 1965 MHz, 3996 MHz
2026/07/16 09:36:26.734, 0 %, 0 %, 830 MiB, 202.93 W, 1000.00 W, 1965 MHz, 3996 MHz
2026/07/16 09:36:26.935, 0 %, 0 %, 830 MiB, 202.27 W, 1000.00 W, 1965 MHz, 3996 MHz
2026/07/16 09:36:27.135, 0 %, 0 %, 830 MiB, 201.78 W, 1000.00 W, 1965 MHz, 3996 MHz
2026/07/16 09:36:27.335, 0 %, 0 %, 3544 MiB, 201.68 W, 1000.00 W, 1965 MHz, 3996 MHz
2026/07/16 09:36:27.536, 31 %, 0 %, 3956 MiB, 202.14 W, 1000.00 W, 1965 MHz, 3996 MHz
2026/07/16 09:36:27.736, 3 %, 0 %, 5918 MiB, 202.18 W, 1000.00 W, 1965 MHz, 3996 MHz
2026/07/16 09:36:27.937, 31 %, 3 %, 6514 MiB, 271.68 W, 1000.00 W, 1965 MHz, 3996 MHz
2026/07/16 09:36:28.137, 85 %, 7 %, 6514 MiB, 347.09 W, 1000.00 W, 1965 MHz, 3996 MHz
2026/07/16 09:36:28.337, 97 %, 10 %, 6514 MiB, 405.40 W, 1000.00 W, 1965 MHz, 3996 MHz
2026/07/16 09:36:28.538, 85 %, 9 %, 6514 MiB, 485.91 W, 1000.00 W, 1965 MHz, 3996 MHz
2026/07/16 09:36:28.738, 88 %, 7 %, 832 MiB, 561.88 W, 1000.00 W, 1965 MHz, 3996 MHz
2026/07/16 09:36:28.939, 61 %, 8 %, 832 MiB, 493.73 W, 1000.00 W, 1965 MHz, 3996 MHz
2026/07/16 09:36:29.139, 0 %, 0 %, 832 MiB, 419.97 W, 1000.00 W, 1965 MHz, 3996 MHz
2026/07/16 09:36:29.339, 0 %, 0 %, 832 MiB, 357.66 W, 1000.00 W, 1965 MHz, 3996 MHz
2026/07/16 09:36:29.539, 0 %, 0 %, 832 MiB, 281.00 W, 1000.00 W, 1965 MHz, 3996 MHz
2026/07/16 09:36:29.740, 0 %, 0 %, 832 MiB, 209.79 W, 1000.00 W, 1965 MHz, 3996 MHz
2026/07/16 09:36:29.940, 0 %, 0 %, 832 MiB, 202.39 W, 1000.00 W, 1965 MHz, 3996 MHz
2026/07/16 09:36:30.140, 0 %, 0 %, 832 MiB, 201.89 W, 1000.00 W, 1965 MHz, 3996 MHz
2026/07/16 09:36:30.341, 0 %, 0 %, 832 MiB, 201.51 W, 1000.00 W, 1965 MHz, 3996 MHz
2026/07/16 09:36:30.541, 0 %, 0 %, 832 MiB, 201.29 W, 1000.00 W, 1965 MHz, 3996 MHz
2026/07/16 09:36:30.742, 0 %, 0 %, 832 MiB, 200.96 W, 1000.00 W, 1965 MHz, 3996 MHz
2026/07/16 09:36:30.942, 0 %, 0 %, 832 MiB, 200.30 W, 1000.00 W, 1965 MHz, 3996 MHz
2026/07/16 09:36:31.142, 0 %, 0 %, 832 MiB, 199.63 W, 1000.00 W, 1965 MHz, 3996 MHz
2026/07/16 09:36:31.343, 0 %, 0 %, 832 MiB, 198.92 W, 1000.00 W, 1965 MHz, 3996 MHz
2026/07/16 09:36:31.543, 0 %, 0 %, 832 MiB, 197.77 W, 1000.00 W, 1965 MHz, 3996 MHz
2026/07/16 09:36:31.744, 0 %, 0 %, 832 MiB, 197.20 W, 1000.00 W, 1965 MHz, 3996 MHz
2026/07/16 09:36:31.944, 0 %, 0 %, 832 MiB, 197.13 W, 1000.00 W, 1965 MHz, 3996 MHz
2026/07/16 09:36:32.145, 0 %, 0 %, 832 MiB, 197.09 W, 1000.00 W, 1965 MHz, 3996 MHz
2026/07/16 09:36:32.345, 0 %, 0 %, 832 MiB, 197.08 W, 1000.00 W, 1965 MHz, 3996 MHz
2026/07/16 09:36:32.545, 0 %, 0 %, 832 MiB, 197.09 W, 1000.00 W, 1965 MHz, 3996 MHz
2026/07/16 09:36:32.746, 0 %, 0 %, 832 MiB, 197.08 W, 1000.00 W, 1965 MHz, 3996 MHz
2026/07/16 09:36:32.946, 0 %, 0 %, 832 MiB, 199.65 W, 1000.00 W, 1965 MHz, 3996 MHz
2026/07/16 09:36:33.147, 0 %, 0 %, 832 MiB, 199.72 W, 1000.00 W, 1965 MHz, 3996 MHz
2026/07/16 09:36:33.347, 0 %, 0 %, 832 MiB, 199.70 W, 1000.00 W, 1965 MHz, 3996 MHz
2026/07/16 09:36:33.548, 0 %, 0 %, 832 MiB, 199.73 W, 1000.00 W, 1965 MHz, 3996 MHz
2026/07/16 09:36:33.748, 0 %, 0 %, 1910 MiB, 199.91 W, 1000.00 W, 1965 MHz, 3996 MHz
2026/07/16 09:36:33.948, 34 %, 0 %, 3902 MiB, 197.94 W, 1000.00 W, 1965 MHz, 3996 MHz
2026/07/16 09:36:34.149, 0 %, 0 %, 3902 MiB, 197.96 W, 1000.00 W, 1965 MHz, 3996 MHz
2026/07/16 09:36:34.349, 0 %, 0 %, 6572 MiB, 230.14 W, 1000.00 W, 1965 MHz, 3996 MHz
2026/07/16 09:36:34.550, 87 %, 17 %, 6572 MiB, 317.82 W, 1000.00 W, 1965 MHz, 3996 MHz
2026/07/16 09:36:34.750, 92 %, 16 %, 830 MiB, 407.61 W, 1000.00 W, 1965 MHz, 3996 MHz
2026/07/16 09:36:34.950, 0 %, 0 %, 830 MiB, 407.99 W, 1000.00 W, 1965 MHz, 3996 MHz
2026/07/16 09:36:35.151, 0 %, 0 %, 830 MiB, 408.32 W, 1000.00 W, 1965 MHz, 3996 MHz
2026/07/16 09:36:35.351, 0 %, 0 %, 830 MiB, 376.67 W, 1000.00 W, 1965 MHz, 3996 MHz
2026/07/16 09:36:35.551, 0 %, 0 %, 830 MiB, 292.42 W, 1000.00 W, 1965 MHz, 3996 MHz
2026/07/16 09:36:35.752, 0 %, 0 %, 830 MiB, 201.06 W, 1000.00 W, 1965 MHz, 3996 MHz
2026/07/16 09:36:35.952, 0 %, 0 %, 830 MiB, 198.42 W, 1000.00 W, 1965 MHz, 3996 MHz
2026/07/16 09:36:36.152, 0 %, 0 %, 830 MiB, 198.16 W, 1000.00 W, 1965 MHz, 3996 MHz
2026/07/16 09:36:36.353, 0 %, 0 %, 830 MiB, 198.02 W, 1000.00 W, 1965 MHz, 3996 MHz
2026/07/16 09:36:36.553, 0 %, 0 %, 830 MiB, 197.79 W, 1000.00 W, 1965 MHz, 3996 MHz
2026/07/16 09:36:36.754, 0 %, 0 %, 830 MiB, 197.77 W, 1000.00 W, 1965 MHz, 3996 MHz
2026/07/16 09:36:36.954, 0 %, 0 %, 830 MiB, 197.74 W, 1000.00 W, 1965 MHz, 3996 MHz
2026/07/16 09:36:37.154, 0 %, 0 %, 830 MiB, 197.73 W, 1000.00 W, 1965 MHz, 3996 MHz
2026/07/16 09:36:37.358, 0 %, 0 %, 830 MiB, 197.71 W, 1000.00 W, 1965 MHz, 3996 MHz
2026/07/16 09:36:37.558, 0 %, 0 %, 830 MiB, 197.67 W, 1000.00 W, 1965 MHz, 3996 MHz
2026/07/16 09:36:37.759, 0 %, 0 %, 830 MiB, 197.66 W, 1000.00 W, 1965 MHz, 3996 MHz
2026/07/16 09:36:37.959, 0 %, 0 %, 830 MiB, 197.67 W, 1000.00 W, 1965 MHz, 3996 MHz
2026/07/16 09:36:38.159, 0 %, 0 %, 830 MiB, 197.66 W, 1000.00 W, 1965 MHz, 3996 MHz
2026/07/16 09:36:38.360, 0 %, 0 %, 830 MiB, 197.66 W, 1000.00 W, 1965 MHz, 3996 MHz
2026/07/16 09:36:38.560, 0 %, 0 %, 830 MiB, 197.65 W, 1000.00 W, 1965 MHz, 3996 MHz
2026/07/16 09:36:38.761, 0 %, 0 %, 830 MiB, 197.68 W, 1000.00 W, 1965 MHz, 3996 MHz
2026/07/16 09:36:38.961, 0 %, 0 %, 830 MiB, 197.65 W, 1000.00 W, 1965 MHz, 3996 MHz
2026/07/16 09:36:39.161, 0 %, 0 %, 830 MiB, 197.60 W, 1000.00 W, 1965 MHz, 3996 MHz
2026/07/16 09:36:39.362, 0 %, 0 %, 830 MiB, 197.62 W, 1000.00 W, 1965 MHz, 3996 MHz
2026/07/16 09:36:39.562, 0 %, 0 %, 830 MiB, 197.63 W, 1000.00 W, 1965 MHz, 3996 MHz
2026/07/16 09:36:39.763, 0 %, 0 %, 830 MiB, 197.61 W, 1000.00 W, 1965 MHz, 3996 MHz
2026/07/16 09:36:39.963, 28 %, 0 %, 3902 MiB, 198.25 W, 1000.00 W, 1965 MHz, 3996 MHz
2026/07/16 09:36:40.164, 0 %, 0 %, 3902 MiB, 198.40 W, 1000.00 W, 1965 MHz, 3996 MHz
2026/07/16 09:36:40.364, 0 %, 0 %, 3902 MiB, 198.42 W, 1000.00 W, 1965 MHz, 3996 MHz
2026/07/16 09:36:40.564, 0 %, 0 %, 4158 MiB, 198.52 W, 1000.00 W, 1965 MHz, 3996 MHz
2026/07/16 09:36:40.765, 1 %, 0 %, 4158 MiB, 198.83 W, 1000.00 W, 1965 MHz, 3996 MHz
2026/07/16 09:36:40.965, 13 %, 3 %, 6210 MiB, 226.17 W, 1000.00 W, 1965 MHz, 3996 MHz
2026/07/16 09:36:41.165, 0 %, 0 %, 6210 MiB, 226.57 W, 1000.00 W, 1965 MHz, 3996 MHz
2026/07/16 09:36:41.366, 0 %, 0 %, 6210 MiB, 226.11 W, 1000.00 W, 1965 MHz, 3996 MHz
2026/07/16 09:36:41.567, 0 %, 0 %, 6210 MiB, 226.58 W, 1000.00 W, 1965 MHz, 3996 MHz
2026/07/16 09:36:41.767, 0 %, 0 %, 6210 MiB, 226.32 W, 1000.00 W, 1965 MHz, 3996 MHz
2026/07/16 09:36:41.967, 0 %, 0 %, 6210 MiB, 199.68 W, 1000.00 W, 1965 MHz, 3996 MHz
2026/07/16 09:36:42.168, 0 %, 0 %, 6210 MiB, 197.96 W, 1000.00 W, 1965 MHz, 3996 MHz
2026/07/16 09:36:42.368, 0 %, 0 %, 6210 MiB, 197.89 W, 1000.00 W, 1965 MHz, 3996 MHz
2026/07/16 09:36:42.569, 0 %, 0 %, 6210 MiB, 197.88 W, 1000.00 W, 1965 MHz, 3996 MHz
2026/07/16 09:36:42.769, 0 %, 0 %, 6210 MiB, 197.84 W, 1000.00 W, 1965 MHz, 3996 MHz
2026/07/16 09:36:42.969, 0 %, 0 %, 6210 MiB, 197.84 W, 1000.00 W, 1965 MHz, 3996 MHz
2026/07/16 09:36:43.170, 0 %, 0 %, 6210 MiB, 197.83 W, 1000.00 W, 1965 MHz, 3996 MHz
2026/07/16 09:36:43.370, 0 %, 0 %, 6210 MiB, 197.86 W, 1000.00 W, 1965 MHz, 3996 MHz
2026/07/16 09:36:43.571, 0 %, 0 %, 6210 MiB, 197.84 W, 1000.00 W, 1965 MHz, 3996 MHz
2026/07/16 09:36:43.771, 0 %, 0 %, 6210 MiB, 197.84 W, 1000.00 W, 1965 MHz, 3996 MHz
2026/07/16 09:36:43.972, 0 %, 0 %, 6210 MiB, 197.84 W, 1000.00 W, 1965 MHz, 3996 MHz
2026/07/16 09:36:44.172, 0 %, 0 %, 6210 MiB, 197.89 W, 1000.00 W, 1965 MHz, 3996 MHz
2026/07/16 09:36:44.372, 0 %, 0 %, 6210 MiB, 197.87 W, 1000.00 W, 1965 MHz, 3996 MHz
2026/07/16 09:36:44.573, 0 %, 0 %, 6210 MiB, 197.88 W, 1000.00 W, 1965 MHz, 3996 MHz
2026/07/16 09:36:44.773, 0 %, 0 %, 6210 MiB, 197.89 W, 1000.00 W, 1965 MHz, 3996 MHz
2026/07/16 09:36:44.974, 0 %, 0 %, 6210 MiB, 197.90 W, 1000.00 W, 1965 MHz, 3996 MHz
2026/07/16 09:36:45.174, 0 %, 0 %, 6210 MiB, 197.86 W, 1000.00 W, 1965 MHz, 3996 MHz
2026/07/16 09:36:45.374, 0 %, 0 %, 6210 MiB, 197.85 W, 1000.00 W, 1965 MHz, 3996 MHz
2026/07/16 09:36:45.575, 0 %, 0 %, 6210 MiB, 197.95 W, 1000.00 W, 1965 MHz, 3996 MHz
2026/07/16 09:36:45.775, 0 %, 0 %, 6210 MiB, 197.96 W, 1000.00 W, 1965 MHz, 3996 MHz
2026/07/16 09:36:45.976, 0 %, 0 %, 6210 MiB, 197.97 W, 1000.00 W, 1965 MHz, 3996 MHz
2026/07/16 09:36:46.176, 0 %, 0 %, 6210 MiB, 197.99 W, 1000.00 W, 1965 MHz, 3996 MHz
2026/07/16 09:36:46.376, 0 %, 0 %, 6210 MiB, 197.98 W, 1000.00 W, 1965 MHz, 3996 MHz
2026/07/16 09:36:46.577, 0 %, 0 %, 6210 MiB, 197.88 W, 1000.00 W, 1965 MHz, 3996 MHz
2026/07/16 09:36:46.777, 0 %, 0 %, 6210 MiB, 197.87 W, 1000.00 W, 1965 MHz, 3996 MHz
2026/07/16 09:36:46.978, 0 %, 0 %, 6210 MiB, 197.88 W, 1000.00 W, 1965 MHz, 3996 MHz
2026/07/16 09:36:47.178, 0 %, 0 %, 6210 MiB, 197.90 W, 1000.00 W, 1965 MHz, 3996 MHz
2026/07/16 09:36:47.378, 0 %, 0 %, 6210 MiB, 197.92 W, 1000.00 W, 1965 MHz, 3996 MHz
2026/07/16 09:36:47.579, 0 %, 0 %, 6210 MiB, 197.93 W, 1000.00 W, 1965 MHz, 3996 MHz
2026/07/16 09:36:47.779, 0 %, 0 %, 6210 MiB, 197.97 W, 1000.00 W, 1965 MHz, 3996 MHz
2026/07/16 09:36:47.980, 0 %, 0 %, 6210 MiB, 200.22 W, 1000.00 W, 1965 MHz, 3996 MHz
2026/07/16 09:36:48.180, 0 %, 0 %, 6210 MiB, 200.18 W, 1000.00 W, 1965 MHz, 3996 MHz
2026/07/16 09:36:48.380, 0 %, 0 %, 6210 MiB, 200.19 W, 1000.00 W, 1965 MHz, 3996 MHz
2026/07/16 09:36:48.581, 0 %, 0 %, 6210 MiB, 200.22 W, 1000.00 W, 1965 MHz, 3996 MHz
2026/07/16 09:36:48.781, 0 %, 0 %, 6210 MiB, 200.26 W, 1000.00 W, 1965 MHz, 3996 MHz
2026/07/16 09:36:48.981, 0 %, 0 %, 6210 MiB, 197.99 W, 1000.00 W, 1965 MHz, 3996 MHz
2026/07/16 09:36:49.182, 0 %, 0 %, 6210 MiB, 198.01 W, 1000.00 W, 1965 MHz, 3996 MHz
2026/07/16 09:36:49.382, 0 %, 0 %, 6210 MiB, 198.01 W, 1000.00 W, 1965 MHz, 3996 MHz
2026/07/16 09:36:49.582, 0 %, 0 %, 6210 MiB, 198.02 W, 1000.00 W, 1965 MHz, 3996 MHz
2026/07/16 09:36:49.783, 0 %, 0 %, 6210 MiB, 198.01 W, 1000.00 W, 1965 MHz, 3996 MHz
2026/07/16 09:36:49.983, 0 %, 0 %, 6210 MiB, 198.01 W, 1000.00 W, 1965 MHz, 3996 MHz
2026/07/16 09:36:50.184, 0 %, 0 %, 6210 MiB, 198.01 W, 1000.00 W, 1965 MHz, 3996 MHz
2026/07/16 09:36:50.384, 0 %, 0 %, 6210 MiB, 198.05 W, 1000.00 W, 1965 MHz, 3996 MHz
2026/07/16 09:36:50.584, 0 %, 0 %, 6210 MiB, 198.18 W, 1000.00 W, 1965 MHz, 3996 MHz
2026/07/16 09:36:50.785, 0 %, 0 %, 6212 MiB, 198.20 W, 1000.00 W, 1965 MHz, 3996 MHz
2026/07/16 09:36:50.985, 0 %, 0 %, 6212 MiB, 198.24 W, 1000.00 W, 1965 MHz, 3996 MHz
2026/07/16 09:36:51.186, 31 %, 25 %, 5434 MiB, 228.24 W, 1000.00 W, 1965 MHz, 3996 MHz
2026/07/16 09:36:51.386, 0 %, 0 %, 6294 MiB, 231.43 W, 1000.00 W, 1965 MHz, 3996 MHz
2026/07/16 09:36:51.587, 68 %, 14 %, 6294 MiB, 319.07 W, 1000.00 W, 1965 MHz, 3996 MHz
2026/07/16 09:36:51.787, 84 %, 18 %, 6294 MiB, 405.60 W, 1000.00 W, 1965 MHz, 3996 MHz
2026/07/16 09:36:51.987, 11 %, 3 %, 5106 MiB, 433.09 W, 1000.00 W, 1965 MHz, 3996 MHz
2026/07/16 09:36:52.188, 0 %, 0 %, 5106 MiB, 404.27 W, 1000.00 W, 1965 MHz, 3996 MHz
2026/07/16 09:36:52.388, 0 %, 0 %, 5106 MiB, 396.50 W, 1000.00 W, 1965 MHz, 3996 MHz
2026/07/16 09:36:52.589, 0 %, 0 %, 5106 MiB, 315.90 W, 1000.00 W, 1965 MHz, 3996 MHz
2026/07/16 09:36:52.789, 0 %, 0 %, 5106 MiB, 225.73 W, 1000.00 W, 1965 MHz, 3996 MHz
2026/07/16 09:36:52.989, 0 %, 0 %, 5106 MiB, 199.12 W, 1000.00 W, 1965 MHz, 3996 MHz
2026/07/16 09:36:53.190, 0 %, 0 %, 5106 MiB, 198.84 W, 1000.00 W, 1965 MHz, 3996 MHz
2026/07/16 09:36:53.390, 0 %, 0 %, 5106 MiB, 198.66 W, 1000.00 W, 1965 MHz, 3996 MHz
2026/07/16 09:36:53.593, 0 %, 0 %, 5106 MiB, 198.57 W, 1000.00 W, 1965 MHz, 3996 MHz
2026/07/16 09:36:53.793, 0 %, 0 %, 5106 MiB, 198.48 W, 1000.00 W, 1965 MHz, 3996 MHz
2026/07/16 09:36:53.995, 0 %, 0 %, 5106 MiB, 198.45 W, 1000.00 W, 1965 MHz, 3996 MHz
2026/07/16 09:36:54.195, 0 %, 0 %, 5106 MiB, 198.42 W, 1000.00 W, 1965 MHz, 3996 MHz
2026/07/16 09:36:54.396, 0 %, 0 %, 5106 MiB, 198.36 W, 1000.00 W, 1965 MHz, 3996 MHz
2026/07/16 09:36:54.596, 0 %, 0 %, 5106 MiB, 198.33 W, 1000.00 W, 1965 MHz, 3996 MHz
2026/07/16 09:36:54.796, 0 %, 0 %, 5106 MiB, 198.31 W, 1000.00 W, 1965 MHz, 3996 MHz
2026/07/16 09:36:54.997, 0 %, 0 %, 5106 MiB, 198.29 W, 1000.00 W, 1965 MHz, 3996 MHz
2026/07/16 09:36:55.197, 0 %, 0 %, 5106 MiB, 198.25 W, 1000.00 W, 1965 MHz, 3996 MHz
2026/07/16 09:36:55.398, 0 %, 0 %, 5106 MiB, 198.28 W, 1000.00 W, 1965 MHz, 3996 MHz
2026/07/16 09:36:55.598, 0 %, 0 %, 5106 MiB, 198.34 W, 1000.00 W, 1965 MHz, 3996 MHz
2026/07/16 09:36:55.799, 0 %, 0 %, 5106 MiB, 198.27 W, 1000.00 W, 1965 MHz, 3996 MHz
2026/07/16 09:36:55.999, 0 %, 0 %, 5106 MiB, 198.25 W, 1000.00 W, 1965 MHz, 3996 MHz
2026/07/16 09:36:56.200, 0 %, 0 %, 5106 MiB, 198.22 W, 1000.00 W, 1965 MHz, 3996 MHz
2026/07/16 09:36:56.400, 0 %, 0 %, 5106 MiB, 198.27 W, 1000.00 W, 1965 MHz, 3996 MHz
2026/07/16 09:36:56.601, 0 %, 0 %, 5106 MiB, 198.15 W, 1000.00 W, 1965 MHz, 3996 MHz
2026/07/16 09:36:56.801, 0 %, 0 %, 5106 MiB, 198.15 W, 1000.00 W, 1965 MHz, 3996 MHz
2026/07/16 09:36:57.001, 0 %, 0 %, 7284 MiB, 198.47 W, 1000.00 W, 1965 MHz, 3996 MHz
2026/07/16 09:36:57.202, 34 %, 0 %, 8120 MiB, 198.91 W, 1000.00 W, 1965 MHz, 3996 MHz
2026/07/16 09:36:57.402, 0 %, 0 %, 8120 MiB, 198.87 W, 1000.00 W, 1965 MHz, 3996 MHz
2026/07/16 09:36:57.603, 0 %, 0 %, 8120 MiB, 198.85 W, 1000.00 W, 1965 MHz, 3996 MHz
2026/07/16 09:36:57.803, 0 %, 0 %, 8714 MiB, 198.83 W, 1000.00 W, 1965 MHz, 3996 MHz
2026/07/16 09:36:58.004, 45 %, 10 %, 8714 MiB, 231.71 W, 1000.00 W, 1965 MHz, 3996 MHz
2026/07/16 09:36:58.204, 0 %, 0 %, 8714 MiB, 231.31 W, 1000.00 W, 1965 MHz, 3996 MHz
2026/07/16 09:36:58.405, 0 %, 0 %, 8714 MiB, 231.35 W, 1000.00 W, 1965 MHz, 3996 MHz
2026/07/16 09:36:58.605, 0 %, 0 %, 8714 MiB, 230.75 W, 1000.00 W, 1965 MHz, 3996 MHz
2026/07/16 09:36:58.806, 0 %, 0 %, 8714 MiB, 231.40 W, 1000.00 W, 1965 MHz, 3996 MHz
2026/07/16 09:36:59.006, 0 %, 0 %, 8714 MiB, 198.24 W, 1000.00 W, 1965 MHz, 3996 MHz
2026/07/16 09:36:59.206, 0 %, 0 %, 8714 MiB, 198.18 W, 1000.00 W, 1965 MHz, 3996 MHz
2026/07/16 09:36:59.407, 0 %, 0 %, 8714 MiB, 198.15 W, 1000.00 W, 1965 MHz, 3996 MHz
2026/07/16 09:36:59.607, 0 %, 0 %, 8714 MiB, 198.08 W, 1000.00 W, 1965 MHz, 3996 MHz
2026/07/16 09:36:59.807, 0 %, 0 %, 8714 MiB, 198.11 W, 1000.00 W, 1965 MHz, 3996 MHz
2026/07/16 09:37:00.008, 0 %, 0 %, 8714 MiB, 198.04 W, 1000.00 W, 1965 MHz, 3996 MHz
2026/07/16 09:37:00.208, 0 %, 0 %, 8714 MiB, 198.00 W, 1000.00 W, 1965 MHz, 3996 MHz
2026/07/16 09:37:00.409, 0 %, 0 %, 8714 MiB, 198.07 W, 1000.00 W, 1965 MHz, 3996 MHz
2026/07/16 09:37:00.609, 0 %, 0 %, 8714 MiB, 198.13 W, 1000.00 W, 1965 MHz, 3996 MHz
2026/07/16 09:37:00.809, 0 %, 0 %, 8714 MiB, 198.10 W, 1000.00 W, 1965 MHz, 3996 MHz
2026/07/16 09:37:01.010, 0 %, 0 %, 8714 MiB, 198.06 W, 1000.00 W, 1965 MHz, 3996 MHz
2026/07/16 09:37:01.210, 0 %, 0 %, 8714 MiB, 198.04 W, 1000.00 W, 1965 MHz, 3996 MHz
2026/07/16 09:37:01.410, 0 %, 0 %, 8714 MiB, 197.96 W, 1000.00 W, 1965 MHz, 3996 MHz
2026/07/16 09:37:01.611, 0 %, 0 %, 8714 MiB, 197.87 W, 1000.00 W, 1965 MHz, 3996 MHz
2026/07/16 09:37:01.811, 0 %, 0 %, 8714 MiB, 197.83 W, 1000.00 W, 1965 MHz, 3996 MHz
2026/07/16 09:37:02.012, 0 %, 0 %, 6472 MiB, 204.33 W, 1000.00 W, 1965 MHz, 3996 MHz
2026/07/16 09:37:02.212, 81 %, 17 %, 6472 MiB, 297.44 W, 1000.00 W, 1965 MHz, 3996 MHz
2026/07/16 09:37:02.412, 90 %, 19 %, 5284 MiB, 390.98 W, 1000.00 W, 1965 MHz, 3996 MHz
2026/07/16 09:37:02.613, 0 %, 0 %, 6418 MiB, 394.78 W, 1000.00 W, 1965 MHz, 3996 MHz
2026/07/16 09:37:02.813, 27 %, 0 %, 8162 MiB, 395.75 W, 1000.00 W, 1965 MHz, 3996 MHz
2026/07/16 09:37:03.014, 38 %, 11 %, 10426 MiB, 445.02 W, 1000.00 W, 1965 MHz, 3996 MHz
2026/07/16 09:37:03.214, 81 %, 17 %, 10426 MiB, 440.95 W, 1000.00 W, 1965 MHz, 3996 MHz
2026/07/16 09:37:03.415, 86 %, 16 %, 5284 MiB, 432.57 W, 1000.00 W, 1965 MHz, 3996 MHz
2026/07/16 09:37:03.615, 2 %, 1 %, 6216 MiB, 428.40 W, 1000.00 W, 1965 MHz, 3996 MHz
2026/07/16 09:37:03.816, 27 %, 0 %, 8162 MiB, 433.01 W, 1000.00 W, 1965 MHz, 3996 MHz
2026/07/16 09:37:04.017, 21 %, 5 %, 10156 MiB, 410.72 W, 1000.00 W, 1965 MHz, 3996 MHz
2026/07/16 09:37:04.218, 0 %, 0 %, 10156 MiB, 337.11 W, 1000.00 W, 1965 MHz, 3996 MHz
2026/07/16 09:37:04.418, 0 %, 0 %, 10156 MiB, 255.63 W, 1000.00 W, 1965 MHz, 3996 MHz
2026/07/16 09:37:04.619, 0 %, 0 %, 10156 MiB, 231.38 W, 1000.00 W, 1965 MHz, 3996 MHz
2026/07/16 09:37:04.819, 0 %, 0 %, 10156 MiB, 231.05 W, 1000.00 W, 1965 MHz, 3996 MHz
2026/07/16 09:37:05.019, 0 %, 0 %, 10156 MiB, 198.96 W, 1000.00 W, 1965 MHz, 3996 MHz
2026/07/16 09:37:05.220, 0 %, 0 %, 10156 MiB, 198.48 W, 1000.00 W, 1965 MHz, 3996 MHz
2026/07/16 09:37:05.420, 0 %, 0 %, 10156 MiB, 198.39 W, 1000.00 W, 1965 MHz, 3996 MHz
2026/07/16 09:37:05.620, 0 %, 0 %, 10156 MiB, 198.32 W, 1000.00 W, 1965 MHz, 3996 MHz
2026/07/16 09:37:05.821, 0 %, 0 %, 10156 MiB, 198.23 W, 1000.00 W, 1965 MHz, 3996 MHz
2026/07/16 09:37:06.021, 0 %, 0 %, 10156 MiB, 198.15 W, 1000.00 W, 1965 MHz, 3996 MHz
2026/07/16 09:37:06.221, 0 %, 0 %, 10156 MiB, 198.15 W, 1000.00 W, 1965 MHz, 3996 MHz
2026/07/16 09:37:06.422, 0 %, 0 %, 10156 MiB, 198.08 W, 1000.00 W, 1965 MHz, 3996 MHz
2026/07/16 09:37:06.622, 0 %, 0 %, 10156 MiB, 197.89 W, 1000.00 W, 1965 MHz, 3996 MHz
2026/07/16 09:37:06.822, 0 %, 0 %, 10156 MiB, 197.88 W, 1000.00 W, 1965 MHz, 3996 MHz
2026/07/16 09:37:07.023, 0 %, 0 %, 10156 MiB, 197.86 W, 1000.00 W, 1965 MHz, 3996 MHz
2026/07/16 09:37:07.223, 0 %, 0 %, 10156 MiB, 197.81 W, 1000.00 W, 1965 MHz, 3996 MHz
2026/07/16 09:37:07.424, 0 %, 0 %, 10156 MiB, 197.79 W, 1000.00 W, 1965 MHz, 3996 MHz
2026/07/16 09:37:07.624, 0 %, 0 %, 10156 MiB, 197.80 W, 1000.00 W, 1965 MHz, 3996 MHz
2026/07/16 09:37:07.824, 0 %, 0 %, 10156 MiB, 197.79 W, 1000.00 W, 1965 MHz, 3996 MHz
2026/07/16 09:37:08.025, 0 %, 0 %, 10156 MiB, 197.78 W, 1000.00 W, 1965 MHz, 3996 MHz
2026/07/16 09:37:08.225, 0 %, 0 %, 10156 MiB, 197.75 W, 1000.00 W, 1965 MHz, 3996 MHz
2026/07/16 09:37:08.425, 0 %, 0 %, 10156 MiB, 197.71 W, 1000.00 W, 1965 MHz, 3996 MHz
2026/07/16 09:37:08.626, 0 %, 0 %, 10156 MiB, 197.70 W, 1000.00 W, 1965 MHz, 3996 MHz
2026/07/16 09:37:08.826, 0 %, 0 %, 10156 MiB, 197.70 W, 1000.00 W, 1965 MHz, 3996 MHz
2026/07/16 09:37:09.027, 0 %, 0 %, 10156 MiB, 197.66 W, 1000.00 W, 1965 MHz, 3996 MHz
2026/07/16 09:37:09.227, 0 %, 0 %, 10156 MiB, 197.68 W, 1000.00 W, 1965 MHz, 3996 MHz
2026/07/16 09:37:09.427, 0 %, 0 %, 10156 MiB, 197.65 W, 1000.00 W, 1965 MHz, 3996 MHz
2026/07/16 09:37:09.628, 0 %, 0 %, 10156 MiB, 197.62 W, 1000.00 W, 1965 MHz, 3996 MHz
2026/07/16 09:37:09.828, 0 %, 0 %, 10156 MiB, 197.60 W, 1000.00 W, 1965 MHz, 3996 MHz
2026/07/16 09:37:10.028, 0 %, 0 %, 10156 MiB, 197.62 W, 1000.00 W, 1965 MHz, 3996 MHz
2026/07/16 09:37:10.229, 0 %, 0 %, 10156 MiB, 197.60 W, 1000.00 W, 1965 MHz, 3996 MHz
2026/07/16 09:37:10.429, 0 %, 0 %, 10156 MiB, 197.64 W, 1000.00 W, 1965 MHz, 3996 MHz
2026/07/16 09:37:10.629, 0 %, 0 %, 10156 MiB, 197.74 W, 1000.00 W, 1965 MHz, 3996 MHz
2026/07/16 09:37:10.830, 0 %, 0 %, 10156 MiB, 197.72 W, 1000.00 W, 1965 MHz, 3996 MHz
2026/07/16 09:37:11.030, 0 %, 0 %, 10156 MiB, 197.71 W, 1000.00 W, 1965 MHz, 3996 MHz
2026/07/16 09:37:11.230, 0 %, 0 %, 10156 MiB, 197.69 W, 1000.00 W, 1965 MHz, 3996 MHz
2026/07/16 09:37:11.431, 0 %, 0 %, 10156 MiB, 197.64 W, 1000.00 W, 1965 MHz, 3996 MHz
2026/07/16 09:37:11.631, 0 %, 0 %, 10156 MiB, 197.53 W, 1000.00 W, 1965 MHz, 3996 MHz
2026/07/16 09:37:11.832, 0 %, 0 %, 10156 MiB, 197.55 W, 1000.00 W, 1965 MHz, 3996 MHz
2026/07/16 09:37:12.032, 0 %, 0 %, 10156 MiB, 197.53 W, 1000.00 W, 1965 MHz, 3996 MHz
2026/07/16 09:37:12.232, 0 %, 0 %, 10156 MiB, 197.56 W, 1000.00 W, 1965 MHz, 3996 MHz
2026/07/16 09:37:12.433, 0 %, 0 %, 10156 MiB, 197.53 W, 1000.00 W, 1965 MHz, 3996 MHz
2026/07/16 09:37:12.633, 0 %, 0 %, 10156 MiB, 197.54 W, 1000.00 W, 1965 MHz, 3996 MHz
2026/07/16 09:37:12.833, 0 %, 0 %, 10156 MiB, 197.51 W, 1000.00 W, 1965 MHz, 3996 MHz
2026/07/16 09:37:13.034, 0 %, 0 %, 10156 MiB, 197.46 W, 1000.00 W, 1965 MHz, 3996 MHz
2026/07/16 09:37:13.234, 0 %, 0 %, 10156 MiB, 197.40 W, 1000.00 W, 1965 MHz, 3996 MHz
2026/07/16 09:37:13.434, 0 %, 0 %, 6810 MiB, 213.43 W, 1000.00 W, 1965 MHz, 3996 MHz
2026/07/16 09:37:13.635, 82 %, 18 %, 6810 MiB, 301.84 W, 1000.00 W, 1965 MHz, 3996 MHz
2026/07/16 09:37:13.835, 89 %, 20 %, 5622 MiB, 398.97 W, 1000.00 W, 1965 MHz, 3996 MHz
2026/07/16 09:37:14.036, 0 %, 0 %, 7072 MiB, 400.30 W, 1000.00 W, 1965 MHz, 3996 MHz
2026/07/16 09:37:14.236, 27 %, 0 %, 10006 MiB, 401.75 W, 1000.00 W, 1965 MHz, 3996 MHz
2026/07/16 09:37:14.437, 37 %, 9 %, 10600 MiB, 445.25 W, 1000.00 W, 1965 MHz, 3996 MHz
2026/07/16 09:37:14.637, 89 %, 17 %, 10076 MiB, 455.03 W, 1000.00 W, 1965 MHz, 3996 MHz
2026/07/16 09:37:14.838, 58 %, 14 %, 5622 MiB, 400.73 W, 1000.00 W, 1965 MHz, 3996 MHz
2026/07/16 09:37:15.039, 0 %, 0 %, 5622 MiB, 401.79 W, 1000.00 W, 1965 MHz, 3996 MHz
2026/07/16 09:37:15.239, 0 %, 0 %, 5622 MiB, 397.34 W, 1000.00 W, 1965 MHz, 3996 MHz
2026/07/16 09:37:15.440, 0 %, 0 %, 5622 MiB, 346.95 W, 1000.00 W, 1965 MHz, 3996 MHz
2026/07/16 09:37:15.640, 0 %, 0 %, 5622 MiB, 249.51 W, 1000.00 W, 1965 MHz, 3996 MHz
2026/07/16 09:37:15.840, 0 %, 0 %, 5622 MiB, 198.76 W, 1000.00 W, 1965 MHz, 3996 MHz
2026/07/16 09:37:16.041, 0 %, 0 %, 5622 MiB, 198.38 W, 1000.00 W, 1965 MHz, 3996 MHz
2026/07/16 09:37:16.241, 0 %, 0 %, 5622 MiB, 198.17 W, 1000.00 W, 1965 MHz, 3996 MHz
2026/07/16 09:37:16.442, 0 %, 0 %, 7416 MiB, 198.18 W, 1000.00 W, 1965 MHz, 3996 MHz
2026/07/16 09:37:16.642, 28 %, 0 %, 8362 MiB, 198.59 W, 1000.00 W, 1965 MHz, 3996 MHz
2026/07/16 09:37:16.842, 0 %, 0 %, 10280 MiB, 198.57 W, 1000.00 W, 1965 MHz, 3996 MHz
2026/07/16 09:37:17.043, 81 %, 8 %, 10874 MiB, 263.65 W, 1000.00 W, 1965 MHz, 3996 MHz
2026/07/16 09:37:17.243, 88 %, 8 %, 10874 MiB, 340.27 W, 1000.00 W, 1965 MHz, 3996 MHz
2026/07/16 09:37:17.444, 91 %, 7 %, 10874 MiB, 407.87 W, 1000.00 W, 1965 MHz, 3996 MHz
2026/07/16 09:37:17.644, 95 %, 9 %, 9314 MiB, 490.89 W, 1000.00 W, 1965 MHz, 3996 MHz
2026/07/16 09:37:17.845, 61 %, 7 %, 5622 MiB, 524.13 W, 1000.00 W, 1965 MHz, 3996 MHz
2026/07/16 09:37:18.045, 0 %, 0 %, 5622 MiB, 461.88 W, 1000.00 W, 1965 MHz, 3996 MHz
2026/07/16 09:37:18.245, 0 %, 0 %, 5622 MiB, 390.53 W, 1000.00 W, 1965 MHz, 3996 MHz
2026/07/16 09:37:18.446, 0 %, 0 %, 5622 MiB, 313.96 W, 1000.00 W, 1965 MHz, 3996 MHz
2026/07/16 09:37:18.646, 0 %, 0 %, 5622 MiB, 243.04 W, 1000.00 W, 1965 MHz, 3996 MHz
2026/07/16 09:37:18.846, 0 %, 0 %, 5622 MiB, 201.03 W, 1000.00 W, 1965 MHz, 3996 MHz
2026/07/16 09:37:19.047, 0 %, 0 %, 5622 MiB, 198.26 W, 1000.00 W, 1965 MHz, 3996 MHz
2026/07/16 09:37:19.247, 0 %, 0 %, 5622 MiB, 197.93 W, 1000.00 W, 1965 MHz, 3996 MHz
2026/07/16 09:37:19.450, 0 %, 0 %, 5622 MiB, 197.77 W, 1000.00 W, 1965 MHz, 3996 MHz
2026/07/16 09:37:19.650, 0 %, 0 %, 5622 MiB, 197.68 W, 1000.00 W, 1965 MHz, 3996 MHz
2026/07/16 09:37:19.851, 0 %, 0 %, 5622 MiB, 197.67 W, 1000.00 W, 1965 MHz, 3996 MHz
2026/07/16 09:37:20.051, 0 %, 0 %, 5622 MiB, 197.67 W, 1000.00 W, 1965 MHz, 3996 MHz
2026/07/16 09:37:20.251, 0 %, 0 %, 5622 MiB, 197.68 W, 1000.00 W, 1965 MHz, 3996 MHz
2026/07/16 09:37:20.452, 0 %, 0 %, 5622 MiB, 197.83 W, 1000.00 W, 1965 MHz, 3996 MHz
2026/07/16 09:37:20.653, 0 %, 0 %, 5622 MiB, 197.80 W, 1000.00 W, 1965 MHz, 3996 MHz
2026/07/16 09:37:20.853, 0 %, 0 %, 5622 MiB, 197.80 W, 1000.00 W, 1965 MHz, 3996 MHz
2026/07/16 09:37:21.054, 0 %, 0 %, 5622 MiB, 197.80 W, 1000.00 W, 1965 MHz, 3996 MHz
2026/07/16 09:37:21.254, 0 %, 0 %, 5622 MiB, 197.79 W, 1000.00 W, 1965 MHz, 3996 MHz
2026/07/16 09:37:21.454, 0 %, 0 %, 5622 MiB, 197.62 W, 1000.00 W, 1965 MHz, 3996 MHz
2026/07/16 09:37:21.657, 0 %, 0 %, 5622 MiB, 197.62 W, 1000.00 W, 1965 MHz, 3996 MHz
2026/07/16 09:37:21.857, 0 %, 0 %, 5622 MiB, 197.57 W, 1000.00 W, 1965 MHz, 3996 MHz
2026/07/16 09:37:22.058, 0 %, 0 %, 5622 MiB, 197.52 W, 1000.00 W, 1965 MHz, 3996 MHz
2026/07/16 09:37:22.261, 0 %, 0 %, 5622 MiB, 197.51 W, 1000.00 W, 1965 MHz, 3996 MHz
2026/07/16 09:37:22.461, 0 %, 0 %, 5622 MiB, 197.50 W, 1000.00 W, 1965 MHz, 3996 MHz
2026/07/16 09:37:22.662, 0 %, 0 %, 5622 MiB, 197.42 W, 1000.00 W, 1965 MHz, 3996 MHz
2026/07/16 09:37:22.862, 0 %, 0 %, 7806 MiB, 197.95 W, 1000.00 W, 1965 MHz, 3996 MHz
2026/07/16 09:37:23.062, 37 %, 0 %, 8308 MiB, 198.25 W, 1000.00 W, 1965 MHz, 3996 MHz
2026/07/16 09:37:23.263, 0 %, 0 %, 10958 MiB, 234.81 W, 1000.00 W, 1965 MHz, 3996 MHz
2026/07/16 09:37:23.464, 90 %, 10 %, 10958 MiB, 312.34 W, 1000.00 W, 1965 MHz, 3996 MHz
2026/07/16 09:37:23.665, 90 %, 10 %, 10958 MiB, 391.12 W, 1000.00 W, 1965 MHz, 3996 MHz
2026/07/16 09:37:23.865, 90 %, 9 %, 10958 MiB, 480.96 W, 1000.00 W, 1965 MHz, 3996 MHz
2026/07/16 09:37:24.066, 97 %, 10 %, 5622 MiB, 493.19 W, 1000.00 W, 1965 MHz, 3996 MHz
2026/07/16 09:37:24.266, 0 %, 0 %, 5622 MiB, 462.88 W, 1000.00 W, 1965 MHz, 3996 MHz
2026/07/16 09:37:24.466, 0 %, 0 %, 5622 MiB, 390.81 W, 1000.00 W, 1965 MHz, 3996 MHz
2026/07/16 09:37:24.667, 0 %, 0 %, 5622 MiB, 313.74 W, 1000.00 W, 1965 MHz, 3996 MHz
2026/07/16 09:37:24.867, 0 %, 0 %, 5622 MiB, 225.58 W, 1000.00 W, 1965 MHz, 3996 MHz
2026/07/16 09:37:25.067, 0 %, 0 %, 5622 MiB, 198.50 W, 1000.00 W, 1965 MHz, 3996 MHz
2026/07/16 09:37:25.268, 0 %, 0 %, 5622 MiB, 198.15 W, 1000.00 W, 1965 MHz, 3996 MHz
2026/07/16 09:37:25.468, 0 %, 0 %, 5622 MiB, 198.10 W, 1000.00 W, 1965 MHz, 3996 MHz
2026/07/16 09:37:25.669, 0 %, 0 %, 5622 MiB, 197.96 W, 1000.00 W, 1965 MHz, 3996 MHz
2026/07/16 09:37:25.869, 0 %, 0 %, 5622 MiB, 197.89 W, 1000.00 W, 1965 MHz, 3996 MHz
2026/07/16 09:37:26.070, 0 %, 0 %, 5622 MiB, 197.83 W, 1000.00 W, 1965 MHz, 3996 MHz
2026/07/16 09:37:26.270, 0 %, 0 %, 5622 MiB, 197.79 W, 1000.00 W, 1965 MHz, 3996 MHz
2026/07/16 09:37:26.470, 0 %, 0 %, 5622 MiB, 197.63 W, 1000.00 W, 1965 MHz, 3996 MHz
2026/07/16 09:37:26.671, 0 %, 0 %, 5622 MiB, 197.57 W, 1000.00 W, 1965 MHz, 3996 MHz
2026/07/16 09:37:26.871, 0 %, 0 %, 5622 MiB, 197.54 W, 1000.00 W, 1965 MHz, 3996 MHz
2026/07/16 09:37:27.072, 0 %, 0 %, 5622 MiB, 197.54 W, 1000.00 W, 1965 MHz, 3996 MHz
2026/07/16 09:37:27.272, 0 %, 0 %, 5622 MiB, 197.47 W, 1000.00 W, 1965 MHz, 3996 MHz
2026/07/16 09:37:27.472, 0 %, 0 %, 5622 MiB, 197.47 W, 1000.00 W, 1965 MHz, 3996 MHz
2026/07/16 09:37:27.673, 0 %, 0 %, 5622 MiB, 197.46 W, 1000.00 W, 1965 MHz, 3996 MHz
2026/07/16 09:37:27.873, 0 %, 0 %, 5622 MiB, 197.47 W, 1000.00 W, 1965 MHz, 3996 MHz
2026/07/16 09:37:28.074, 0 %, 0 %, 5622 MiB, 197.46 W, 1000.00 W, 1965 MHz, 3996 MHz
2026/07/16 09:37:28.274, 0 %, 0 %, 5622 MiB, 197.46 W, 1000.00 W, 1965 MHz, 3996 MHz
2026/07/16 09:37:28.477, 0 %, 0 %, 5622 MiB, 197.43 W, 1000.00 W, 1965 MHz, 3996 MHz
2026/07/16 09:37:28.677, 0 %, 0 %, 5622 MiB, 197.37 W, 1000.00 W, 1965 MHz, 3996 MHz
2026/07/16 09:37:28.878, 0 %, 0 %, 5622 MiB, 197.33 W, 1000.00 W, 1965 MHz, 3996 MHz
2026/07/16 09:37:29.078, 0 %, 0 %, 7776 MiB, 197.76 W, 1000.00 W, 1965 MHz, 3996 MHz
2026/07/16 09:37:29.279, 42 %, 0 %, 8308 MiB, 198.02 W, 1000.00 W, 1965 MHz, 3996 MHz
2026/07/16 09:37:29.479, 0 %, 0 %, 10958 MiB, 230.02 W, 1000.00 W, 1965 MHz, 3996 MHz
2026/07/16 09:37:29.679, 67 %, 14 %, 10958 MiB, 316.67 W, 1000.00 W, 1965 MHz, 3996 MHz
2026/07/16 09:37:29.880, 84 %, 14 %, 5622 MiB, 413.24 W, 1000.00 W, 1965 MHz, 3996 MHz
2026/07/16 09:37:30.080, 63 %, 14 %, 5622 MiB, 413.94 W, 1000.00 W, 1965 MHz, 3996 MHz
2026/07/16 09:37:30.281, 0 %, 0 %, 5622 MiB, 414.46 W, 1000.00 W, 1965 MHz, 3996 MHz
2026/07/16 09:37:30.481, 0 %, 0 %, 5622 MiB, 390.05 W, 1000.00 W, 1965 MHz, 3996 MHz
2026/07/16 09:37:30.682, 0 %, 0 %, 5622 MiB, 297.85 W, 1000.00 W, 1965 MHz, 3996 MHz
2026/07/16 09:37:30.882, 0 %, 0 %, 5622 MiB, 201.34 W, 1000.00 W, 1965 MHz, 3996 MHz
2026/07/16 09:37:31.082, 0 %, 0 %, 5622 MiB, 198.12 W, 1000.00 W, 1965 MHz, 3996 MHz
2026/07/16 09:37:31.283, 0 %, 0 %, 5622 MiB, 197.88 W, 1000.00 W, 1965 MHz, 3996 MHz
2026/07/16 09:37:31.483, 0 %, 0 %, 5622 MiB, 197.62 W, 1000.00 W, 1965 MHz, 3996 MHz
2026/07/16 09:37:31.683, 0 %, 0 %, 5622 MiB, 197.50 W, 1000.00 W, 1965 MHz, 3996 MHz
2026/07/16 09:37:31.884, 0 %, 0 %, 5622 MiB, 197.44 W, 1000.00 W, 1965 MHz, 3996 MHz
2026/07/16 09:37:32.084, 0 %, 0 %, 5622 MiB, 197.44 W, 1000.00 W, 1965 MHz, 3996 MHz
2026/07/16 09:37:32.285, 0 %, 0 %, 5622 MiB, 197.43 W, 1000.00 W, 1965 MHz, 3996 MHz
2026/07/16 09:37:32.485, 0 %, 0 %, 5622 MiB, 197.41 W, 1000.00 W, 1965 MHz, 3996 MHz
2026/07/16 09:37:32.686, 0 %, 0 %, 5622 MiB, 197.41 W, 1000.00 W, 1965 MHz, 3996 MHz
2026/07/16 09:37:32.886, 0 %, 0 %, 5622 MiB, 199.81 W, 1000.00 W, 1965 MHz, 3996 MHz
2026/07/16 09:37:33.088, 0 %, 0 %, 5622 MiB, 199.77 W, 1000.00 W, 1965 MHz, 3996 MHz
2026/07/16 09:37:33.288, 0 %, 0 %, 5622 MiB, 199.78 W, 1000.00 W, 1965 MHz, 3996 MHz
2026/07/16 09:37:33.489, 0 %, 0 %, 5622 MiB, 199.72 W, 1000.00 W, 1965 MHz, 3996 MHz
2026/07/16 09:37:33.692, 0 %, 0 %, 5622 MiB, 199.77 W, 1000.00 W, 1965 MHz, 3996 MHz
2026/07/16 09:37:33.892, 0 %, 0 %, 5622 MiB, 197.44 W, 1000.00 W, 1965 MHz, 3996 MHz
2026/07/16 09:37:34.093, 0 %, 0 %, 5622 MiB, 197.19 W, 1000.00 W, 1965 MHz, 3996 MHz
2026/07/16 09:37:34.295, 0 %, 0 %, 5622 MiB, 197.19 W, 1000.00 W, 1965 MHz, 3996 MHz
2026/07/16 09:37:34.495, 0 %, 0 %, 5622 MiB, 197.20 W, 1000.00 W, 1965 MHz, 3996 MHz
2026/07/16 09:37:34.696, 0 %, 0 %, 5622 MiB, 197.21 W, 1000.00 W, 1965 MHz, 3996 MHz
2026/07/16 09:37:34.897, 0 %, 0 %, 6068 MiB, 197.21 W, 1000.00 W, 1965 MHz, 3996 MHz
2026/07/16 09:37:35.097, 0 %, 0 %, 8308 MiB, 198.00 W, 1000.00 W, 1965 MHz, 3996 MHz
2026/07/16 09:37:35.298, 34 %, 0 %, 8308 MiB, 198.02 W, 1000.00 W, 1965 MHz, 3996 MHz
2026/07/16 09:37:35.498, 0 %, 0 %, 10958 MiB, 254.73 W, 1000.00 W, 1965 MHz, 3996 MHz
2026/07/16 09:37:35.698, 89 %, 16 %, 10958 MiB, 352.10 W, 1000.00 W, 1965 MHz, 3996 MHz
2026/07/16 09:37:35.899, 87 %, 17 %, 5622 MiB, 415.67 W, 1000.00 W, 1965 MHz, 3996 MHz
2026/07/16 09:37:36.099, 12 %, 3 %, 5622 MiB, 415.53 W, 1000.00 W, 1965 MHz, 3996 MHz
2026/07/16 09:37:36.300, 0 %, 0 %, 5622 MiB, 416.30 W, 1000.00 W, 1965 MHz, 3996 MHz
2026/07/16 09:37:36.500, 0 %, 0 %, 5622 MiB, 365.04 W, 1000.00 W, 1965 MHz, 3996 MHz
2026/07/16 09:37:36.700, 0 %, 0 %, 5622 MiB, 272.13 W, 1000.00 W, 1965 MHz, 3996 MHz
2026/07/16 09:37:36.901, 0 %, 0 %, 5622 MiB, 198.39 W, 1000.00 W, 1965 MHz, 3996 MHz
2026/07/16 09:37:37.101, 0 %, 0 %, 5622 MiB, 197.91 W, 1000.00 W, 1965 MHz, 3996 MHz
2026/07/16 09:37:37.302, 0 %, 0 %, 5622 MiB, 197.70 W, 1000.00 W, 1965 MHz, 3996 MHz
2026/07/16 09:37:37.502, 0 %, 0 %, 5622 MiB, 197.54 W, 1000.00 W, 1965 MHz, 3996 MHz
2026/07/16 09:37:37.703, 0 %, 0 %, 5622 MiB, 197.50 W, 1000.00 W, 1965 MHz, 3996 MHz
2026/07/16 09:37:37.903, 0 %, 0 %, 5622 MiB, 197.44 W, 1000.00 W, 1965 MHz, 3996 MHz
2026/07/16 09:37:38.104, 0 %, 0 %, 5622 MiB, 197.41 W, 1000.00 W, 1965 MHz, 3996 MHz
2026/07/16 09:37:38.306, 0 %, 0 %, 5622 MiB, 197.41 W, 1000.00 W, 1965 MHz, 3996 MHz
2026/07/16 09:37:38.506, 0 %, 0 %, 5622 MiB, 197.41 W, 1000.00 W, 1965 MHz, 3996 MHz
2026/07/16 09:37:38.707, 0 %, 0 %, 5622 MiB, 197.33 W, 1000.00 W, 1965 MHz, 3996 MHz
2026/07/16 09:37:38.907, 0 %, 0 %, 5622 MiB, 197.35 W, 1000.00 W, 1965 MHz, 3996 MHz
2026/07/16 09:37:39.107, 0 %, 0 %, 5622 MiB, 197.32 W, 1000.00 W, 1965 MHz, 3996 MHz
2026/07/16 09:37:39.308, 0 %, 0 %, 5622 MiB, 197.25 W, 1000.00 W, 1965 MHz, 3996 MHz
2026/07/16 09:37:39.508, 0 %, 0 %, 5622 MiB, 197.20 W, 1000.00 W, 1965 MHz, 3996 MHz
2026/07/16 09:37:39.709, 0 %, 0 %, 5622 MiB, 197.20 W, 1000.00 W, 1965 MHz, 3996 MHz
2026/07/16 09:37:39.909, 0 %, 0 %, 5622 MiB, 197.19 W, 1000.00 W, 1965 MHz, 3996 MHz
2026/07/16 09:37:40.109, 0 %, 0 %, 5622 MiB, 197.20 W, 1000.00 W, 1965 MHz, 3996 MHz
2026/07/16 09:37:40.310, 0 %, 0 %, 5622 MiB, 197.23 W, 1000.00 W, 1965 MHz, 3996 MHz
2026/07/16 09:37:40.510, 0 %, 0 %, 5622 MiB, 197.35 W, 1000.00 W, 1965 MHz, 3996 MHz
2026/07/16 09:37:40.711, 0 %, 0 %, 5622 MiB, 197.37 W, 1000.00 W, 1965 MHz, 3996 MHz
2026/07/16 09:37:40.911, 0 %, 0 %, 6936 MiB, 197.31 W, 1000.00 W, 1965 MHz, 3996 MHz
2026/07/16 09:37:41.112, 8 %, 0 %, 8308 MiB, 198.00 W, 1000.00 W, 1965 MHz, 3996 MHz
2026/07/16 09:37:41.312, 15 %, 0 %, 10092 MiB, 197.97 W, 1000.00 W, 1965 MHz, 3996 MHz
2026/07/16 09:37:41.513, 0 %, 0 %, 10686 MiB, 279.10 W, 1000.00 W, 1965 MHz, 3996 MHz
2026/07/16 09:37:41.713, 86 %, 17 %, 10686 MiB, 365.37 W, 1000.00 W, 1965 MHz, 3996 MHz
2026/07/16 09:37:41.914, 93 %, 17 %, 5622 MiB, 407.19 W, 1000.00 W, 1965 MHz, 3996 MHz
2026/07/16 09:37:42.114, 0 %, 0 %, 5622 MiB, 406.90 W, 1000.00 W, 1965 MHz, 3996 MHz
2026/07/16 09:37:42.314, 0 %, 0 %, 5622 MiB, 407.07 W, 1000.00 W, 1965 MHz, 3996 MHz
2026/07/16 09:37:42.515, 0 %, 0 %, 5622 MiB, 335.47 W, 1000.00 W, 1965 MHz, 3996 MHz
2026/07/16 09:37:42.715, 0 %, 0 %, 5622 MiB, 236.84 W, 1000.00 W, 1965 MHz, 3996 MHz
2026/07/16 09:37:42.915, 0 %, 0 %, 5622 MiB, 198.12 W, 1000.00 W, 1965 MHz, 3996 MHz
2026/07/16 09:37:43.116, 0 %, 0 %, 5622 MiB, 197.77 W, 1000.00 W, 1965 MHz, 3996 MHz
2026/07/16 09:37:43.316, 0 %, 0 %, 5622 MiB, 197.55 W, 1000.00 W, 1965 MHz, 3996 MHz
2026/07/16 09:37:43.516, 0 %, 0 %, 5622 MiB, 197.44 W, 1000.00 W, 1965 MHz, 3996 MHz
2026/07/16 09:37:43.717, 0 %, 0 %, 5622 MiB, 197.41 W, 1000.00 W, 1965 MHz, 3996 MHz
2026/07/16 09:37:43.917, 0 %, 0 %, 5622 MiB, 197.37 W, 1000.00 W, 1965 MHz, 3996 MHz
2026/07/16 09:37:44.118, 0 %, 0 %, 5622 MiB, 197.34 W, 1000.00 W, 1965 MHz, 3996 MHz
2026/07/16 09:37:44.318, 0 %, 0 %, 5622 MiB, 197.31 W, 1000.00 W, 1965 MHz, 3996 MHz
2026/07/16 09:37:44.518, 0 %, 0 %, 5622 MiB, 197.28 W, 1000.00 W, 1965 MHz, 3996 MHz
2026/07/16 09:37:44.719, 0 %, 0 %, 5622 MiB, 197.25 W, 1000.00 W, 1965 MHz, 3996 MHz
2026/07/16 09:37:44.919, 0 %, 0 %, 5622 MiB, 197.24 W, 1000.00 W, 1965 MHz, 3996 MHz
2026/07/16 09:37:45.120, 0 %, 0 %, 5622 MiB, 197.24 W, 1000.00 W, 1965 MHz, 3996 MHz
2026/07/16 09:37:45.320, 0 %, 0 %, 5622 MiB, 197.23 W, 1000.00 W, 1965 MHz, 3996 MHz
2026/07/16 09:37:45.521, 0 %, 0 %, 5622 MiB, 197.33 W, 1000.00 W, 1965 MHz, 3996 MHz
2026/07/16 09:37:45.721, 0 %, 0 %, 5622 MiB, 197.33 W, 1000.00 W, 1965 MHz, 3996 MHz
2026/07/16 09:37:45.921, 0 %, 0 %, 5622 MiB, 197.29 W, 1000.00 W, 1965 MHz, 3996 MHz
2026/07/16 09:37:46.122, 0 %, 0 %, 5622 MiB, 197.29 W, 1000.00 W, 1965 MHz, 3996 MHz
2026/07/16 09:37:46.322, 0 %, 0 %, 5622 MiB, 197.26 W, 1000.00 W, 1965 MHz, 3996 MHz
2026/07/16 09:37:46.523, 0 %, 0 %, 5622 MiB, 197.17 W, 1000.00 W, 1965 MHz, 3996 MHz
2026/07/16 09:37:46.723, 0 %, 0 %, 5622 MiB, 197.13 W, 1000.00 W, 1965 MHz, 3996 MHz
2026/07/16 09:37:46.924, 0 %, 0 %, 7974 MiB, 197.44 W, 1000.00 W, 1965 MHz, 3996 MHz
2026/07/16 09:37:47.124, 30 %, 0 %, 8308 MiB, 197.90 W, 1000.00 W, 1965 MHz, 3996 MHz
2026/07/16 09:37:47.325, 0 %, 0 %, 10680 MiB, 210.91 W, 1000.00 W, 1965 MHz, 3996 MHz
2026/07/16 09:37:47.525, 36 %, 8 %, 10680 MiB, 303.65 W, 1000.00 W, 1965 MHz, 3996 MHz
2026/07/16 09:37:47.726, 92 %, 16 %, 5622 MiB, 391.21 W, 1000.00 W, 1965 MHz, 3996 MHz
2026/07/16 09:37:47.926, 62 %, 13 %, 5622 MiB, 391.08 W, 1000.00 W, 1965 MHz, 3996 MHz
2026/07/16 09:37:48.126, 0 %, 0 %, 5622 MiB, 394.33 W, 1000.00 W, 1965 MHz, 3996 MHz
2026/07/16 09:37:48.327, 0 %, 0 %, 5622 MiB, 389.85 W, 1000.00 W, 1965 MHz, 3996 MHz
2026/07/16 09:37:48.527, 0 %, 0 %, 5622 MiB, 296.04 W, 1000.00 W, 1965 MHz, 3996 MHz
2026/07/16 09:37:48.727, 0 %, 0 %, 5622 MiB, 203.55 W, 1000.00 W, 1965 MHz, 3996 MHz
2026/07/16 09:37:48.928, 0 %, 0 %, 5622 MiB, 197.95 W, 1000.00 W, 1965 MHz, 3996 MHz
2026/07/16 09:37:49.128, 0 %, 0 %, 5622 MiB, 197.61 W, 1000.00 W, 1965 MHz, 3996 MHz
2026/07/16 09:37:49.328, 0 %, 0 %, 5622 MiB, 197.49 W, 1000.00 W, 1965 MHz, 3996 MHz
2026/07/16 09:37:49.529, 0 %, 0 %, 5622 MiB, 197.35 W, 1000.00 W, 1965 MHz, 3996 MHz
2026/07/16 09:37:49.729, 0 %, 0 %, 5622 MiB, 197.28 W, 1000.00 W, 1965 MHz, 3996 MHz
2026/07/16 09:37:49.930, 0 %, 0 %, 5622 MiB, 197.23 W, 1000.00 W, 1965 MHz, 3996 MHz
2026/07/16 09:37:50.130, 0 %, 0 %, 5622 MiB, 197.18 W, 1000.00 W, 1965 MHz, 3996 MHz
2026/07/16 09:37:50.331, 0 %, 0 %, 5622 MiB, 197.16 W, 1000.00 W, 1965 MHz, 3996 MHz
2026/07/16 09:37:50.531, 0 %, 0 %, 5622 MiB, 197.27 W, 1000.00 W, 1965 MHz, 3996 MHz
2026/07/16 09:37:50.731, 0 %, 0 %, 5622 MiB, 197.26 W, 1000.00 W, 1965 MHz, 3996 MHz
2026/07/16 09:37:50.932, 0 %, 0 %, 5622 MiB, 197.26 W, 1000.00 W, 1965 MHz, 3996 MHz
2026/07/16 09:37:51.134, 0 %, 0 %, 5622 MiB, 197.26 W, 1000.00 W, 1965 MHz, 3996 MHz
2026/07/16 09:37:51.334, 0 %, 0 %, 5622 MiB, 197.25 W, 1000.00 W, 1965 MHz, 3996 MHz
2026/07/16 09:37:51.535, 0 %, 0 %, 5622 MiB, 197.12 W, 1000.00 W, 1965 MHz, 3996 MHz
2026/07/16 09:37:51.738, 0 %, 0 %, 5622 MiB, 197.12 W, 1000.00 W, 1965 MHz, 3996 MHz
2026/07/16 09:37:51.938, 0 %, 0 %, 5622 MiB, 197.12 W, 1000.00 W, 1965 MHz, 3996 MHz
2026/07/16 09:37:52.139, 0 %, 0 %, 5622 MiB, 197.07 W, 1000.00 W, 1965 MHz, 3996 MHz
2026/07/16 09:37:52.339, 0 %, 0 %, 5622 MiB, 197.06 W, 1000.00 W, 1965 MHz, 3996 MHz
2026/07/16 09:37:52.539, 0 %, 0 %, 5622 MiB, 197.05 W, 1000.00 W, 1965 MHz, 3996 MHz
2026/07/16 09:37:52.740, 0 %, 0 %, 6376 MiB, 197.04 W, 1000.00 W, 1965 MHz, 3996 MHz
2026/07/16 09:37:52.940, 24 %, 0 %, 8308 MiB, 197.68 W, 1000.00 W, 1965 MHz, 3996 MHz
2026/07/16 09:37:53.141, 2 %, 0 %, 9194 MiB, 197.78 W, 1000.00 W, 1965 MHz, 3996 MHz
2026/07/16 09:37:53.341, 19 %, 4 %, 10680 MiB, 250.11 W, 1000.00 W, 1965 MHz, 3996 MHz
2026/07/16 09:37:53.542, 88 %, 16 %, 10680 MiB, 344.15 W, 1000.00 W, 1965 MHz, 3996 MHz
2026/07/16 09:37:53.742, 86 %, 16 %, 5622 MiB, 399.38 W, 1000.00 W, 1965 MHz, 3996 MHz
2026/07/16 09:37:53.943, 0 %, 0 %, 5622 MiB, 399.11 W, 1000.00 W, 1965 MHz, 3996 MHz
2026/07/16 09:37:54.143, 0 %, 0 %, 5622 MiB, 399.14 W, 1000.00 W, 1965 MHz, 3996 MHz
2026/07/16 09:37:54.343, 0 %, 0 %, 5622 MiB, 352.33 W, 1000.00 W, 1965 MHz, 3996 MHz
2026/07/16 09:37:54.544, 0 %, 0 %, 5622 MiB, 250.57 W, 1000.00 W, 1965 MHz, 3996 MHz
2026/07/16 09:37:54.744, 0 %, 0 %, 5622 MiB, 197.87 W, 1000.00 W, 1965 MHz, 3996 MHz
2026/07/16 09:37:54.944, 0 %, 0 %, 5622 MiB, 197.47 W, 1000.00 W, 1965 MHz, 3996 MHz
2026/07/16 09:37:55.145, 0 %, 0 %, 5622 MiB, 197.31 W, 1000.00 W, 1965 MHz, 3996 MHz
2026/07/16 09:37:55.345, 0 %, 0 %, 5622 MiB, 197.22 W, 1000.00 W, 1965 MHz, 3996 MHz
2026/07/16 09:37:55.546, 0 %, 0 %, 5622 MiB, 197.25 W, 1000.00 W, 1965 MHz, 3996 MHz
2026/07/16 09:37:55.746, 0 %, 0 %, 5622 MiB, 197.22 W, 1000.00 W, 1965 MHz, 3996 MHz
2026/07/16 09:37:55.946, 0 %, 0 %, 5622 MiB, 197.20 W, 1000.00 W, 1965 MHz, 3996 MHz
2026/07/16 09:37:56.147, 0 %, 0 %, 5622 MiB, 197.19 W, 1000.00 W, 1965 MHz, 3996 MHz
2026/07/16 09:37:56.347, 0 %, 0 %, 5622 MiB, 197.15 W, 1000.00 W, 1965 MHz, 3996 MHz
2026/07/16 09:37:56.548, 0 %, 0 %, 5622 MiB, 197.02 W, 1000.00 W, 1965 MHz, 3996 MHz
2026/07/16 09:37:56.748, 0 %, 0 %, 5622 MiB, 197.00 W, 1000.00 W, 1965 MHz, 3996 MHz
2026/07/16 09:37:56.949, 0 %, 0 %, 5622 MiB, 197.00 W, 1000.00 W, 1965 MHz, 3996 MHz
2026/07/16 09:37:57.149, 0 %, 0 %, 5622 MiB, 196.96 W, 1000.00 W, 1965 MHz, 3996 MHz
2026/07/16 09:37:57.349, 0 %, 0 %, 5622 MiB, 196.93 W, 1000.00 W, 1965 MHz, 3996 MHz
2026/07/16 09:37:57.550, 0 %, 0 %, 5622 MiB, 196.92 W, 1000.00 W, 1965 MHz, 3996 MHz
2026/07/16 09:37:57.750, 0 %, 0 %, 5622 MiB, 196.91 W, 1000.00 W, 1965 MHz, 3996 MHz
2026/07/16 09:37:57.951, 0 %, 0 %, 5622 MiB, 196.92 W, 1000.00 W, 1965 MHz, 3996 MHz
2026/07/16 09:37:58.151, 0 %, 0 %, 5622 MiB, 196.90 W, 1000.00 W, 1965 MHz, 3996 MHz
2026/07/16 09:37:58.352, 0 %, 0 %, 5622 MiB, 196.91 W, 1000.00 W, 1965 MHz, 3996 MHz
2026/07/16 09:37:58.552, 0 %, 0 %, 5622 MiB, 196.88 W, 1000.00 W, 1965 MHz, 3996 MHz
2026/07/16 09:37:58.752, 0 %, 0 %, 8028 MiB, 197.11 W, 1000.00 W, 1965 MHz, 3996 MHz
2026/07/16 09:37:58.953, 36 %, 0 %, 8308 MiB, 197.71 W, 1000.00 W, 1965 MHz, 3996 MHz
2026/07/16 09:37:59.153, 0 %, 0 %, 10958 MiB, 197.73 W, 1000.00 W, 1965 MHz, 3996 MHz
2026/07/16 09:37:59.354, 93 %, 18 %, 10958 MiB, 287.52 W, 1000.00 W, 1965 MHz, 3996 MHz
2026/07/16 09:37:59.554, 86 %, 16 %, 5622 MiB, 379.19 W, 1000.00 W, 1965 MHz, 3996 MHz
2026/07/16 09:37:59.755, 35 %, 8 %, 5622 MiB, 411.02 W, 1000.00 W, 1965 MHz, 3996 MHz
2026/07/16 09:37:59.955, 0 %, 0 %, 5622 MiB, 406.56 W, 1000.00 W, 1965 MHz, 3996 MHz
2026/07/16 09:38:00.156, 0 %, 0 %, 5622 MiB, 410.50 W, 1000.00 W, 1965 MHz, 3996 MHz
2026/07/16 09:38:00.356, 0 %, 0 %, 5622 MiB, 326.15 W, 1000.00 W, 1965 MHz, 3996 MHz
2026/07/16 09:38:00.556, 0 %, 0 %, 5622 MiB, 198.61 W, 1000.00 W, 1965 MHz, 3996 MHz
2026/07/16 09:38:00.757, 0 %, 0 %, 5622 MiB, 198.03 W, 1000.00 W, 1965 MHz, 3996 MHz
2026/07/16 09:38:00.957, 0 %, 0 %, 5622 MiB, 197.80 W, 1000.00 W, 1965 MHz, 3996 MHz
2026/07/16 09:38:01.157, 0 %, 0 %, 5622 MiB, 197.65 W, 1000.00 W, 1965 MHz, 3996 MHz
2026/07/16 09:38:01.358, 0 %, 0 %, 5622 MiB, 197.52 W, 1000.00 W, 1965 MHz, 3996 MHz
2026/07/16 09:38:01.558, 0 %, 0 %, 5622 MiB, 197.35 W, 1000.00 W, 1965 MHz, 3996 MHz
2026/07/16 09:38:01.759, 0 %, 0 %, 5622 MiB, 197.29 W, 1000.00 W, 1965 MHz, 3996 MHz
2026/07/16 09:38:01.959, 0 %, 0 %, 5622 MiB, 197.29 W, 1000.00 W, 1965 MHz, 3996 MHz
2026/07/16 09:38:02.159, 0 %, 0 %, 5622 MiB, 197.24 W, 1000.00 W, 1965 MHz, 3996 MHz
2026/07/16 09:38:02.360, 0 %, 0 %, 5622 MiB, 197.18 W, 1000.00 W, 1965 MHz, 3996 MHz
2026/07/16 09:38:02.560, 0 %, 0 %, 5622 MiB, 197.19 W, 1000.00 W, 1965 MHz, 3996 MHz
2026/07/16 09:38:02.761, 0 %, 0 %, 5622 MiB, 197.20 W, 1000.00 W, 1965 MHz, 3996 MHz
2026/07/16 09:38:02.961, 0 %, 0 %, 5622 MiB, 199.51 W, 1000.00 W, 1965 MHz, 3996 MHz
2026/07/16 09:38:03.162, 0 %, 0 %, 5622 MiB, 199.51 W, 1000.00 W, 1965 MHz, 3996 MHz
2026/07/16 09:38:03.362, 0 %, 0 %, 5622 MiB, 199.49 W, 1000.00 W, 1965 MHz, 3996 MHz
2026/07/16 09:38:03.562, 0 %, 0 %, 5622 MiB, 199.50 W, 1000.00 W, 1965 MHz, 3996 MHz
2026/07/16 09:38:03.763, 0 %, 0 %, 5622 MiB, 199.54 W, 1000.00 W, 1965 MHz, 3996 MHz
2026/07/16 09:38:03.965, 0 %, 0 %, 5622 MiB, 197.14 W, 1000.00 W, 1965 MHz, 3996 MHz
2026/07/16 09:38:04.165, 0 %, 0 %, 5622 MiB, 197.16 W, 1000.00 W, 1965 MHz, 3996 MHz
2026/07/16 09:38:04.366, 0 %, 0 %, 5622 MiB, 197.16 W, 1000.00 W, 1965 MHz, 3996 MHz
2026/07/16 09:38:04.566, 0 %, 0 %, 5622 MiB, 197.16 W, 1000.00 W, 1965 MHz, 3996 MHz
2026/07/16 09:38:04.766, 36 %, 0 %, 8308 MiB, 197.81 W, 1000.00 W, 1965 MHz, 3996 MHz
2026/07/16 09:38:04.967, 0 %, 0 %, 8308 MiB, 197.93 W, 1000.00 W, 1965 MHz, 3996 MHz
2026/07/16 09:38:05.167, 88 %, 16 %, 10984 MiB, 235.63 W, 1000.00 W, 1965 MHz, 3996 MHz
2026/07/16 09:38:05.368, 82 %, 12 %, 10984 MiB, 314.87 W, 1000.00 W, 1965 MHz, 3996 MHz
2026/07/16 09:38:05.568, 82 %, 12 %, 10984 MiB, 384.21 W, 1000.00 W, 1965 MHz, 3996 MHz
2026/07/16 09:38:05.769, 0 %, 0 %, 5622 MiB, 414.90 W, 1000.00 W, 1965 MHz, 3996 MHz
2026/07/16 09:38:05.969, 0 %, 0 %, 5622 MiB, 415.05 W, 1000.00 W, 1965 MHz, 3996 MHz
2026/07/16 09:38:06.169, 0 %, 0 %, 5622 MiB, 383.47 W, 1000.00 W, 1965 MHz, 3996 MHz
2026/07/16 09:38:06.370, 0 %, 0 %, 5622 MiB, 306.94 W, 1000.00 W, 1965 MHz, 3996 MHz
2026/07/16 09:38:06.570, 0 %, 0 %, 5622 MiB, 239.10 W, 1000.00 W, 1965 MHz, 3996 MHz
2026/07/16 09:38:06.771, 0 %, 0 %, 5622 MiB, 198.13 W, 1000.00 W, 1965 MHz, 3996 MHz
2026/07/16 09:38:06.971, 0 %, 0 %, 5622 MiB, 197.80 W, 1000.00 W, 1965 MHz, 3996 MHz
2026/07/16 09:38:07.172, 0 %, 0 %, 5622 MiB, 197.61 W, 1000.00 W, 1965 MHz, 3996 MHz
2026/07/16 09:38:07.372, 0 %, 0 %, 5622 MiB, 197.48 W, 1000.00 W, 1965 MHz, 3996 MHz
2026/07/16 09:38:07.572, 0 %, 0 %, 5622 MiB, 197.41 W, 1000.00 W, 1965 MHz, 3996 MHz
2026/07/16 09:38:07.773, 0 %, 0 %, 5622 MiB, 197.36 W, 1000.00 W, 1965 MHz, 3996 MHz
2026/07/16 09:38:07.973, 1 %, 0 %, 0 MiB, 197.43 W, 1000.00 W, 1965 MHz, 3996 MHz
